{"J": 7, "K": [13000.0, 13000.0, 13000.0, 13000.0, 7000.0, 13000.0, 13000.0], "I": 64, "e": [968.75, 968.75, 968.75, 968.75, 593.75, 593.75, 593.75, 593.75, 968.75, 968.75, 968.75, 968.75, 593.75, 593.75, 593.75, 593.75, 968.75, 968.75, 968.75, 968.75, 593.75, 593.75, 593.75, 593.75, 968.75, 968.75, 968.75, 968.75, 593.75, 593.75, 593.75, 593.75, 593.75, 593.75, 593.75, 593.75, 593.75, 593.75, 593.75, 593.75, 593.75, 593.75, 593.75, 593.75, 593.75, 593.75, 593.75, 593.75, 593.75, 593.75, 593.75, 593.75, 593.75, 593.75, 593.75, 593.75, 593.75, 593.75, 593.75, 593.75, 593.75, 593.75, 593.75, 593.75], "d": [[875.0, 1750.0, 1237.4368670764582, 2766.992952647332, 1750.0, 2625.0, 2766.992952647332], [0, 875.0, 875.0, 1956.559480312316, 1956.559480312316, 2766.992952647332, 2625.0], [875.0, 0, 1237.4368670764582, 1237.4368670764582, 2474.8737341529163, 3154.8573660309908, 2766.992952647332], [1750.0, 875.0, 1956.559480312316, 875.0, 3154.8573660309908, 3712.3106012293747, 3154.8573660309908], [2625.0, 1750.0, 2766.992952647332, 1237.4368670764582, 3913.118960624632, 4375.0, 3712.3106012293747], [3500.0, 2625.0, 3607.717422415453, 1956.559480312316, 4712.019206242691, 5102.0829079896375, 4375.0], [4375.0, 3500.0, 4461.642074393687, 2766.992952647332, 5533.985905294664, 5869.678440936948, 5102.0829079896375], [5250.0, 4375.0, 5322.417214010942, 3607.717422415453, 6370.096153120454, 6663.801467630919, 5869.678440936948], [1237.4368670764582, 1956.559480312316, 875.0, 2625.0, 875.0, 1750.0, 1956.559480312316], [875.0, 1237.4368670764582, 0, 1750.0, 1237.4368670764582, 1956.559480312316, 1750.0], [1237.4368670764582, 875.0, 875.0, 875.0, 1956.559480312316, 2474.8737341529163, 1956.559480312316], [1956.559480312316, 1237.4368670764582, 1750.0, 0, 2766.992952647332, 3154.8573660309908, 2474.8737341529163], [2766.992952647332, 1956.559480312316, 2625.0, 875.0, 3607.717422415453, 3913.118960624632, 3154.8573660309908], [3607.717422415453, 2766.992952647332, 3500.0, 1750.0, 4461.642074393687, 4712.019206242691, 3913.118960624632], [4461.642074393687, 3607.717422415453, 4375.0, 2625.0, 5322.417214010942, 5533.985905294664, 4712.019206242691], [5322.417214010942, 4461.642074393687, 5250.0, 3500.0, 6187.184335382291, 6370.096153120454, 5533.985905294664], [1956.559480312316, 2474.8737341529163, 1237.4368670764582, 2766.992952647332, 0, 875.0, 1237.4368670764582], [1750.0, 1956.559480312316, 875.0, 1956.559480312316, 875.0, 1237.4368670764582, 875.0], [1956.559480312316, 1750.0, 1237.4368670764582, 1237.4368670764582, 1750.0, 1956.559480312316, 1237.4368670764582], [2474.8737341529163, 1956.559480312316, 1956.559480312316, 875.0, 2625.0, 2766.992952647332, 1956.559480312316], [3154.8573660309908, 2474.8737341529163, 2766.992952647332, 1237.4368670764582, 3500.0, 3607.717422415453, 2766.992952647332], [3913.118960624632, 3154.8573660309908, 3607.717422415453, 1956.559480312316, 4375.0, 4461.642074393687, 3607.717422415453], [4712.019206242691, 3913.118960624632, 4461.642074393687, 2766.992952647332, 5250.0, 5322.417214010942, 4461.642074393687], [5533.985905294664, 4712.019206242691, 5322.417214010942, 3607.717422415453, 6125.0, 6187.184335382291, 5322.417214010942], [2766.992952647332, 3154.8573660309908, 1956.559480312316, 3154.8573660309908, 875.0, 0, 875.0], [2625.0, 2766.992952647332, 1750.0, 2474.8737341529163, 1237.4368670764582, 875.0, 0], [2766.992952647332, 2625.0, 1956.559480312316, 1956.559480312316, 1956.559480312316, 1750.0, 875.0], [3154.8573660309908, 2766.992952647332, 2474.8737341529163, 1750.0, 2766.992952647332, 2625.0, 1750.0], [3712.3106012293747, 3154.8573660309908, 3154.8573660309908, 1956.559480312316, 3607.717422415453, 3500.0, 2625.0], [4375.0, 3712.3106012293747, 3913.118960624632, 2474.8737341529163, 4461.642074393687, 4375.0, 3500.0], [5102.0829079896375, 4375.0, 4712.019206242691, 3154.8573660309908, 5322.417214010942, 5250.0, 4375.0], [5869.678440936948, 5102.0829079896375, 5533.985905294664, 3913.118960624632, 6187.184335382291, 6125.0, 5250.0], [3607.717422415453, 3913.118960624632, 2766.992952647332, 3712.3106012293747, 1750.0, 875.0, 1237.4368670764582], [3500.0, 3607.717422415453, 2625.0, 3154.8573660309908, 1956.559480312316, 1237.4368670764582, 875.0], [3607.717422415453, 3500.0, 2766.992952647332, 2766.992952647332, 2474.8737341529163, 1956.559480312316, 1237.4368670764582], [3913.118960624632, 3607.717422415453, 3154.8573660309908, 2625.0, 3154.8573660309908, 2766.992952647332, 1956.559480312316], [4375.0, 3913.118960624632, 3712.3106012293747, 2766.992952647332, 3913.118960624632, 3607.717422415453, 2766.992952647332], [4949.747468305833, 4375.0, 4375.0, 3154.8573660309908, 4712.019206242691, 4461.642074393687, 3607.717422415453], [5602.733707753742, 4949.747468305833, 5102.0829079896375, 3712.3106012293747, 5533.985905294664, 5322.417214010942, 4461.642074393687], [6309.7147320619815, 5602.733707753742, 5869.678440936948, 4375.0, 6370.096153120454, 6187.184335382291, 5322.417214010942], [4461.642074393687, 4712.019206242691, 3607.717422415453, 4375.0, 2625.0, 1750.0, 1956.559480312316], [4375.0, 4461.642074393687, 3500.0, 3913.118960624632, 2766.992952647332, 1956.559480312316, 1750.0], [4461.642074393687, 4375.0, 3607.717422415453, 3607.717422415453, 3154.8573660309908, 2474.8737341529163, 1956.559480312316], [4712.019206242691, 4461.642074393687, 3913.118960624632, 3500.0, 3712.3106012293747, 3154.8573660309908, 2474.8737341529163], [5102.0829079896375, 4712.019206242691, 4375.0, 3607.717422415453, 4375.0, 3913.118960624632, 3154.8573660309908], [5602.733707753742, 5102.0829079896375, 4949.747468305833, 3913.118960624632, 5102.0829079896375, 4712.019206242691, 3913.118960624632], [6187.184335382291, 5602.733707753742, 5602.733707753742, 4375.0, 5869.678440936948, 5533.985905294664, 4712.019206242691], [6833.968466418322, 6187.184335382291, 6309.7147320619815, 4949.747468305833, 6663.801467630919, 6370.096153120454, 5533.985905294664], [5322.417214010942, 5533.985905294664, 4461.642074393687, 5102.0829079896375, 3500.0, 2625.0, 2766.992952647332], [5250.0, 5322.417214010942, 4375.0, 4712.019206242691, 3607.717422415453, 2766.992952647332, 2625.0], [5322.417214010942, 5250.0, 4461.642074393687, 4461.642074393687, 3913.118960624632, 3154.8573660309908, 2766.992952647332], [5533.985905294664, 5322.417214010942, 4712.019206242691, 4375.0, 4375.0, 3712.3106012293747, 3154.8573660309908], [5869.678440936948, 5533.985905294664, 5102.0829079896375, 4461.642074393687, 4949.747468305833, 4375.0, 3712.3106012293747], [6309.7147320619815, 5869.678440936948, 5602.733707753742, 4712.019206242691, 5602.733707753742, 5102.0829079896375, 4375.0], [6833.968466418322, 6309.7147320619815, 6187.184335382291, 5102.0829079896375, 6309.7147320619815, 5869.678440936948, 5102.0829079896375], [7424.621202458749, 6833.968466418322, 6833.968466418322, 5602.733707753742, 7054.475529761231, 6663.801467630919, 5869.678440936948], [6187.184335382291, 6370.096153120454, 5322.417214010942, 5869.678440936948, 4375.0, 3500.0, 3607.717422415453], [6125.0, 6187.184335382291, 5250.0, 5533.985905294664, 4461.642074393687, 3607.717422415453, 3500.0], [6187.184335382291, 6125.0, 5322.417214010942, 5322.417214010942, 4712.019206242691, 3913.118960624632, 3607.717422415453], [6370.096153120454, 6187.184335382291, 5533.985905294664, 5250.0, 5102.0829079896375, 4375.0, 3913.118960624632], [6663.801467630919, 6370.096153120454, 5869.678440936948, 5322.417214010942, 5602.733707753742, 4949.747468305833, 4375.0], [7054.475529761231, 6663.801467630919, 6309.7147320619815, 5533.985905294664, 6187.184335382291, 5602.733707753742, 4949.747468305833], [7527.0346086622985, 7054.475529761231, 6833.968466418322, 5869.678440936948, 6833.968466418322, 6309.7147320619815, 5602.733707753742], [8067.101400131276, 7527.0346086622985, 7424.621202458749, 6309.7147320619815, 7527.0346086622985, 7054.475529761231, 6309.7147320619815]], "M": 54705031.369640216, "S": 12000}