{"J": 2, "K": [19500.0, 19500.0], "I": 9, "e": [2066.666666666667, 2066.666666666667, 1266.6666666666667, 2066.666666666667, 2066.666666666667, 1266.6666666666667, 1266.6666666666667, 1266.6666666666667, 1266.6666666666667], "d": [[666.6666666666667, 942.8090415820635], [942.8090415820635, 666.6666666666667], [1490.71198499986, 942.8090415820635], [0, 666.6666666666667], [666.6666666666667, 0], [1333.3333333333335, 666.6666666666667], [666.6666666666667, 942.8090415820635], [942.8090415820635, 666.6666666666667], [1490.71198499986, 942.8090415820635]], "M": 6161609.537999422, "S": 10000}