{"J": 5, "K": [15000.0, 15000.0, 15000.0, 9000.0, 15000.0], "I": 49, "e": [885.7142857142858, 885.7142857142858, 885.7142857142858, 885.7142857142858, 542.8571428571429, 542.8571428571429, 542.8571428571429, 885.7142857142858, 885.7142857142858, 885.7142857142858, 885.7142857142858, 542.8571428571429, 542.8571428571429, 542.8571428571429, 885.7142857142858, 885.7142857142858, 885.7142857142858, 885.7142857142858, 542.8571428571429, 542.8571428571429, 542.8571428571429, 885.7142857142858, 885.7142857142858, 885.7142857142858, 885.7142857142858, 542.8571428571429, 542.8571428571429, 542.8571428571429, 542.8571428571429, 542.8571428571429, 542.8571428571429, 542.8571428571429, 542.8571428571429, 542.8571428571429, 542.8571428571429, 542.8571428571429, 542.8571428571429, 542.8571428571429, 542.8571428571429, 542.8571428571429, 542.8571428571429, 542.8571428571429, 542.8571428571429, 542.8571428571429, 542.8571428571429, 542.8571428571429, 542.8571428571429, 542.8571428571429, 542.8571428571429], "d": [[1000.0, 2000.0, 3000.0, 2236.06797749979, 3162.2776601683795], [0, 1000.0, 2000.0, 1414.213562373095, 2236.06797749979], [1000.0, 0, 1000.0, 1000.0, 1414.213562373095], [2000.0, 1000.0, 0, 1414.213562373095, 1000.0], [3000.0, 2000.0, 1000.0, 2236.06797749979, 1414.213562373095], [4000.0, 3000.0, 2000.0, 3162.2776601683795, 2236.06797749979], [5000.0, 4000.0, 3000.0, 4123.105625617661, 3162.2776601683795], [1414.213562373095, 2236.06797749979, 3162.2776601683795, 2000.0, 3000.0], [1000.0, 1414.213562373095, 2236.06797749979, 1000.0, 2000.0], [1414.213562373095, 1000.0, 1414.213562373095, 0, 1000.0], [2236.06797749979, 1414.213562373095, 1000.0, 1000.0, 0], [3162.2776601683795, 2236.06797749979, 1414.213562373095, 2000.0, 1000.0], [4123.105625617661, 3162.2776601683795, 2236.06797749979, 3000.0, 2000.0], [5099.019513592785, 4123.105625617661, 3162.2776601683795, 4000.0, 3000.0], [2236.06797749979, 2828.42712474619, 3605.5512754639894, 2236.06797749979, 3162.2776601683795], [2000.0, 2236.06797749979, 2828.42712474619, 1414.213562373095, 2236.06797749979], [2236.06797749979, 2000.0, 2236.06797749979, 1000.0, 1414.213562373095], [2828.42712474619, 2236.06797749979, 2000.0, 1414.213562373095, 1000.0], [3605.5512754639894, 2828.42712474619, 2236.06797749979, 2236.06797749979, 1414.213562373095], [4472.13595499958, 3605.5512754639894, 2828.42712474619, 3162.2776601683795, 2236.06797749979], [5385.164807134504, 4472.13595499958, 3605.5512754639894, 4123.105625617661, 3162.2776601683795], [3162.2776601683795, 3605.5512754639894, 4242.640687119285, 2828.42712474619, 3605.5512754639894], [3000.0, 3162.2776601683795, 3605.5512754639894, 2236.06797749979, 2828.42712474619], [3162.2776601683795, 3000.0, 3162.2776601683795, 2000.0, 2236.06797749979], [3605.5512754639894, 3162.2776601683795, 3000.0, 2236.06797749979, 2000.0], [4242.640687119285, 3605.5512754639894, 3162.2776601683795, 2828.42712474619, 2236.06797749979], [5000.0, 4242.640687119285, 3605.5512754639894, 3605.5512754639894, 2828.42712474619], [5830.951894845301, 5000.0, 4242.640687119285, 4472.13595499958, 3605.5512754639894], [4123.105625617661, 4472.13595499958, 5000.0, 3605.5512754639894, 4242.640687119285], [4000.0, 4123.105625617661, 4472.13595499958, 3162.2776601683795, 3605.5512754639894], [4123.105625617661, 4000.0, 4123.105625617661, 3000.0, 3162.2776601683795], [4472.13595499958, 4123.105625617661, 4000.0, 3162.2776601683795, 3000.0], [5000.0, 4472.13595499958, 4123.105625617661, 3605.5512754639894, 3162.2776601683795], [5656.85424949238, 5000.0, 4472.13595499958, 4242.640687119285, 3605.5512754639894], [6403.1242374328485, 5656.85424949238, 5000.0, 5000.0, 4242.640687119285], [5099.019513592785, 5385.164807134504, 5830.951894845301, 4472.13595499958, 5000.0], [5000.0, 5099.019513592785, 5385.164807134504, 4123.105625617661, 4472.13595499958], [5099.019513592785, 5000.0, 5099.019513592785, 4000.0, 4123.105625617661], [5385.164807134504, 5099.019513592785, 5000.0, 4123.105625617661, 4000.0], [5830.951894845301, 5385.164807134504, 5099.019513592785, 4472.13595499958, 4123.105625617661], [6403.1242374328485, 5830.951894845301, 5385.164807134504, 5000.0, 4472.13595499958], [7071.067811865475, 6403.1242374328485, 5830.951894845301, 5656.85424949238, 5000.0], [6082.76253029822, 6324.555320336759, 6708.203932499369, 5385.164807134504, 5830.951894845301], [6000.0, 6082.76253029822, 6324.555320336759, 5099.019513592785, 5385.164807134504], [6082.76253029822, 6000.0, 6082.76253029822, 5000.0, 5099.019513592785], [6324.555320336759, 6082.76253029822, 6000.0, 5099.019513592785, 5000.0], [6708.203932499369, 6324.555320336759, 6082.76253029822, 5385.164807134504, 5099.019513592785], [7211.102550927979, 6708.203932499369, 6324.555320336759, 5830.951894845301, 5385.164807134504], [7810.249675906654, 7211.102550927979, 6708.203932499369, 6403.1242374328485, 5830.951894845301]], "M": 34588248.564729474, "S": 12000}