{"J": 5,
  "K": [13000.0, 13000.0, 13000.0, 13000.0, 13000.0],
  "I": 25,
  "e": [1488.0, 1488.0, 1488.0, 912.0, 912.0, 1488.0, 1488.0, 1488.0, 912.0, 912.0, 1488.0, 1488.0, 1488.0, 912.0, 912.0, 912.0, 912.0, 912.0, 912.0, 912.0, 912.0, 912.0, 912.0, 912.0, 912.0],
  "d": [[1000.0, 2000.0, 1000.0, 2000.0, 2236.06797749979], [0, 1000.0, 1414.213562373095, 2236.06797749979, 2000.0], [1000.0, 0, 2236.06797749979, 2828.42712474619, 2236.06797749979], [2000.0, 1000.0, 3162.2776601683795, 3605.5512754639894, 2828.42712474619], [3000.0, 2000.0, 4123.105625617661, 4472.13595499958, 3605.5512754639894], [1414.213562373095, 2236.06797749979, 0, 1000.0, 1414.213562373095], [1000.0, 1414.213562373095, 1000.0, 1414.213562373095, 1000.0], [1414.213562373095, 1000.0, 2000.0, 2236.06797749979, 1414.213562373095], [2236.06797749979, 1414.213562373095, 3000.0, 3162.2776601683795, 2236.06797749979], [3162.2776601683795, 2236.06797749979, 4000.0, 4123.105625617661, 3162.2776601683795], [2236.06797749979, 2828.42712474619, 1000.0, 0, 1000.0], [2000.0, 2236.06797749979, 1414.213562373095, 1000.0, 0], [2236.06797749979, 2000.0, 2236.06797749979, 2000.0, 1000.0], [2828.42712474619, 2236.06797749979, 3162.2776601683795, 3000.0, 2000.0], [3605.5512754639894, 2828.42712474619, 4123.105625617661, 4000.0, 3000.0], [3162.2776601683795, 3605.5512754639894, 2000.0, 1000.0, 1414.213562373095], [3000.0, 3162.2776601683795, 2236.06797749979, 1414.213562373095, 1000.0], [3162.2776601683795, 3000.0, 2828.42712474619, 2236.06797749979, 1414.213562373095], [3605.5512754639894, 3162.2776601683795, 3605.5512754639894, 3162.2776601683795, 2236.06797749979], [4242.640687119285, 3605.5512754639894, 4472.13595499958, 4123.105625617661, 3162.2776601683795], [4123.105625617661, 4472.13595499958, 3000.0, 2000.0, 2236.06797749979], [4000.0, 4123.105625617661, 3162.2776601683795, 2236.06797749979, 2000.0], [4123.105625617661, 4000.0, 3605.5512754639894, 2828.42712474619, 2236.06797749979], [4472.13595499958, 4123.105625617661, 4242.640687119285, 3605.5512754639894, 2828.42712474619], [5000.0, 4472.13595499958, 5000.0, 4472.13595499958, 3605.5512754639894]],
  "M": 37200000.0,
  "S": 10000}