{"J": 7, "K": [13928.571428571428, 13928.571428571428, 13928.571428571428, 13928.571428571428, 7499.999999999999, 13928.571428571428, 13928.571428571428], "I": 81, "e": [765.4320987654321, 765.4320987654321, 765.4320987654321, 765.4320987654321, 765.4320987654321, 469.1358024691358, 469.1358024691358, 469.1358024691358, 469.1358024691358, 765.4320987654321, 765.4320987654321, 765.4320987654321, 765.4320987654321, 765.4320987654321, 469.1358024691358, 469.1358024691358, 469.1358024691358, 469.1358024691358, 765.4320987654321, 765.4320987654321, 765.4320987654321, 765.4320987654321, 765.4320987654321, 469.1358024691358, 469.1358024691358, 469.1358024691358, 469.1358024691358, 765.4320987654321, 765.4320987654321, 765.4320987654321, 765.4320987654321, 765.4320987654321, 469.1358024691358, 469.1358024691358, 469.1358024691358, 469.1358024691358, 765.4320987654321, 765.4320987654321, 765.4320987654321, 765.4320987654321, 765.4320987654321, 469.1358024691358, 469.1358024691358, 469.1358024691358, 469.1358024691358, 469.1358024691358, 469.1358024691358, 469.1358024691358, 469.1358024691358, 469.1358024691358, 469.1358024691358, 469.1358024691358, 469.1358024691358, 469.1358024691358, 469.1358024691358, 469.1358024691358, 469.1358024691358, 469.1358024691358, 469.1358024691358, 469.1358024691358, 469.1358024691358, 469.1358024691358, 469.1358024691358, 469.1358024691358, 469.1358024691358, 469.1358024691358, 469.1358024691358, 469.1358024691358, 469.1358024691358, 469.1358024691358, 469.1358024691358, 469.1358024691358, 469.1358024691358, 469.1358024691358, 469.1358024691358, 469.1358024691358, 469.1358024691358, 469.1358024691358, 469.1358024691358, 469.1358024691358, 469.1358024691358], "d": [[777.7777777777776, 1555.5555555555557, 777.7777777777776, 1099.9438818457404, 1739.1639824998365, 1739.1639824998365, 2804.317658694214], [0, 777.777777777778, 1099.9438818457404, 777.7777777777776, 1099.9438818457406, 1555.5555555555557, 2199.8877636914813], [777.777777777778, 0, 1739.1639824998365, 1099.9438818457406, 777.7777777777776, 1739.1639824998367, 1739.1639824998365], [1555.5555555555557, 777.7777777777776, 2459.5492912420727, 1739.1639824998365, 1099.9438818457404, 2199.8877636914813, 1555.5555555555557], [2333.3333333333335, 1555.5555555555554, 3206.859931035958, 2459.5492912420727, 1739.1639824998363, 2804.317658694214, 1739.1639824998365], [3111.1111111111118, 2333.333333333334, 3965.904066127722, 3206.859931035959, 2459.549291242073, 3478.3279649996734, 2199.8877636914813], [3888.888888888889, 3111.1111111111113, 4731.037523565282, 3965.9040661277218, 3206.859931035958, 4188.46151666017, 2804.317658694214], [4666.666666666668, 3888.8888888888896, 5499.719409228704, 4731.037523565283, 3965.904066127722, 4919.098582484146, 3478.3279649996734], [5444.444444444445, 4666.666666666667, 6270.644915343317, 5499.719409228704, 4731.037523565282, 5662.307691662626, 4188.46151666017], [1099.9438818457404, 1739.1639824998365, 0, 777.7777777777776, 1555.5555555555557, 1099.9438818457406, 2459.5492912420727], [777.7777777777776, 1099.9438818457406, 777.7777777777776, 0, 777.777777777778, 777.777777777778, 1739.1639824998367], [1099.9438818457406, 777.7777777777776, 1555.5555555555557, 777.777777777778, 0, 1099.9438818457409, 1099.9438818457406], [1739.1639824998365, 1099.9438818457404, 2333.3333333333335, 1555.5555555555557, 777.7777777777776, 1739.1639824998367, 777.777777777778], [2459.5492912420727, 1739.1639824998363, 3111.1111111111113, 2333.3333333333335, 1555.5555555555554, 2459.5492912420727, 1099.9438818457406], [3206.859931035959, 2459.549291242073, 3888.8888888888896, 3111.1111111111118, 2333.333333333334, 3206.859931035959, 1739.163982499837], [3965.9040661277218, 3206.859931035958, 4666.666666666667, 3888.888888888889, 3111.1111111111113, 3965.9040661277218, 2459.5492912420727], [4731.037523565283, 3965.904066127722, 5444.444444444445, 4666.666666666668, 3888.8888888888896, 4731.037523565283, 3206.859931035959], [5499.719409228704, 4731.037523565282, 6222.222222222223, 5444.444444444445, 4666.666666666667, 5499.719409228704, 3965.9040661277218], [1739.1639824998365, 2199.8877636914813, 777.777777777778, 1099.9438818457406, 1739.1639824998367, 777.7777777777776, 2333.3333333333335], [1555.5555555555557, 1739.1639824998367, 1099.9438818457406, 777.777777777778, 1099.9438818457409, 0, 1555.5555555555557], [1739.1639824998367, 1555.5555555555557, 1739.1639824998367, 1099.9438818457409, 777.777777777778, 777.777777777778, 777.7777777777776], [2199.8877636914813, 1739.1639824998365, 2459.5492912420727, 1739.1639824998367, 1099.9438818457406, 1555.5555555555557, 0], [2804.317658694214, 2199.8877636914813, 3206.859931035958, 2459.5492912420727, 1739.1639824998365, 2333.3333333333335, 777.7777777777778], [3478.3279649996734, 2804.317658694214, 3965.904066127722, 3206.859931035959, 2459.549291242073, 3111.1111111111118, 1555.555555555556], [4188.46151666017, 3478.327964999673, 4731.037523565283, 3965.9040661277218, 3206.859931035958, 3888.888888888889, 2333.3333333333335], [4919.098582484146, 4188.461516660171, 5499.719409228704, 4731.037523565283, 3965.904066127722, 4666.666666666668, 3111.1111111111118], [5662.307691662626, 4919.0985824841455, 6270.644915343317, 5499.719409228704, 4731.037523565283, 5444.444444444445, 3888.888888888889], [2459.5492912420727, 2804.317658694214, 1555.5555555555557, 1739.1639824998365, 2199.8877636914813, 1099.9438818457404, 2459.5492912420727], [2333.3333333333335, 2459.5492912420727, 1739.1639824998365, 1555.5555555555557, 1739.1639824998367, 777.7777777777776, 1739.1639824998365], [2459.5492912420727, 2333.3333333333335, 2199.8877636914813, 1739.1639824998367, 1555.5555555555557, 1099.9438818457406, 1099.9438818457404], [2804.317658694214, 2459.5492912420727, 2804.317658694214, 2199.8877636914813, 1739.1639824998365, 1739.1639824998365, 777.7777777777776], [3299.831645537222, 2804.317658694214, 3478.327964999673, 2804.317658694214, 2199.8877636914813, 2459.5492912420727, 1099.9438818457406], [3888.8888888888896, 3299.8316455372224, 4188.461516660171, 3478.3279649996734, 2804.317658694214, 3206.859931035959, 1739.1639824998367], [4535.1848071019, 3888.888888888889, 4919.0985824841455, 4188.46151666017, 3478.327964999673, 3965.9040661277218, 2459.5492912420727], [5217.49194749951, 4535.184807101901, 5662.307691662626, 4919.098582484146, 4188.461516660171, 4731.037523565283, 3206.859931035959], [5923.379082338596, 5217.4919474995095, 6413.719862071916, 5662.307691662626, 4919.0985824841455, 5499.719409228704, 3965.9040661277218], [3206.859931035958, 3478.327964999673, 2333.3333333333335, 2459.5492912420727, 2804.317658694214, 1739.1639824998363, 2804.317658694214], [3111.1111111111113, 3206.859931035958, 2459.5492912420727, 2333.3333333333335, 2459.5492912420727, 1555.5555555555554, 2199.8877636914813], [3206.859931035958, 3111.1111111111113, 2804.317658694214, 2459.5492912420727, 2333.3333333333335, 1739.1639824998365, 1739.1639824998363], [3478.327964999673, 3206.859931035958, 3299.831645537222, 2804.317658694214, 2459.5492912420727, 2199.8877636914813, 1555.5555555555554], [3888.888888888889, 3478.327964999673, 3888.888888888889, 3299.831645537222, 2804.317658694214, 2804.317658694214, 1739.1639824998365], [4399.7755273829625, 3888.888888888889, 4535.184807101901, 3888.8888888888896, 3299.8316455372224, 3478.3279649996734, 2199.8877636914813], [4980.207740225549, 4399.7755273829625, 5217.4919474995095, 4535.1848071019, 3888.888888888889, 4188.46151666017, 2804.317658694214], [5608.635317388428, 4980.20774022555, 5923.379082338596, 5217.49194749951, 4535.184807101901, 4919.098582484146, 3478.3279649996734], [6270.644915343318, 5608.635317388428, 6645.336246358081, 5923.379082338596, 5217.4919474995095, 5662.307691662626, 4188.46151666017], [3965.904066127722, 4188.461516660171, 3111.1111111111118, 3206.859931035959, 3478.3279649996734, 2459.549291242073, 3299.8316455372224], [3888.8888888888896, 3965.904066127722, 