{"J": 5, "K": [13000.0, 13000.0, 13000.0, 13000.0, 13000.0], "I": 36, "e": [1033.3333333333335, 1033.3333333333335, 1033.3333333333335, 633.3333333333334, 633.3333333333334, 633.3333333333334, 1033.3333333333335, 1033.3333333333335, 1033.3333333333335, 633.3333333333334, 633.3333333333334, 633.3333333333334, 1033.3333333333335, 1033.3333333333335, 1033.3333333333335, 633.3333333333334, 633.3333333333334, 633.3333333333334, 633.3333333333334, 633.3333333333334, 633.3333333333334, 633.3333333333334, 633.3333333333334, 633.3333333333334, 633.3333333333334, 633.3333333333334, 633.3333333333334, 633.3333333333334, 633.3333333333334, 633.3333333333334, 633.3333333333334, 633.3333333333334, 633.3333333333334, 633.3333333333334, 633.3333333333334, 633.3333333333334], "d": [[1666.666666666667, 833.3333333333334, 1666.666666666667, 1863.389981249825, 2357.022603955159], [833.3333333333335, 1178.5113019775793, 1863.389981249825, 1666.666666666667, 1863.3899812498253], [0, 1863.389981249825, 2357.022603955159, 1863.3899812498253, 1666.666666666667], [833.3333333333335, 2635.2313834736497, 3004.626062886658, 2357.022603955159, 1863.3899812498253], [1666.6666666666665, 3435.921354681384, 3726.77996249965, 3004.626062886658, 2357.0226039551585], [2499.9999999999995, 4249.182927993987, 4487.637339278753, 3726.779962499649, 3004.6260628866576], [1863.389981249825, 0, 833.3333333333335, 1178.5113019775793, 1863.3899812498253], [1178.5113019775793, 833.3333333333334, 1178.5113019775793, 833.3333333333335, 1178.5113019775795], [833.3333333333334, 1666.666666666667, 1863.3899812498253, 1178.5113019775795, 833.3333333333335], [1178.5113019775793, 2500.0000000000005, 2635.23138347365, 1863.3899812498253, 1178.5113019775795], [1863.3899812498246, 3333.3333333333335, 3435.921354681384, 2635.2313834736497, 1863.3899812498246], [2635.231383473649, 4166.666666666666, 4249.182927993987, 3435.9213546813835, 2635.231383473649], [2357.022603955159, 833.3333333333335, 0, 833.3333333333334, 1666.666666666667], [1863.3899812498253, 1178.5113019775793, 833.3333333333334, 0, 833.3333333333335], [1666.666666666667, 1863.3899812498253, 1666.666666666667, 833.3333333333335, 0], [1863.3899812498253, 2635.23138347365, 2500.0000000000005, 1666.666666666667, 833.3333333333335], [2357.0226039551585, 3435.921354681384, 3333.3333333333335, 2500.0, 1666.6666666666665], [3004.6260628866576, 4249.182927993987, 4166.666666666666, 3333.333333333333, 2499.9999999999995], [3004.626062886658, 1666.666666666667, 833.3333333333335, 1178.5113019775793, 1863.3899812498253], [2635.23138347365, 1863.389981249825, 1178.5113019775793, 833.3333333333335, 1178.5113019775795], [2500.0000000000005, 2357.022603955159, 1863.3899812498253, 1178.5113019775795, 833.3333333333335], [2635.23138347365, 3004.626062886658, 2635.23138347365, 1863.3899812498253, 1178.5113019775795], [3004.626062886658, 3726.77996249965, 3435.921354681384, 2635.2313834736497, 1863.3899812498246], [3535.5339059327375, 4487.637339278753, 4249.182927993987, 3435.9213546813835, 2635.231383473649], [3726.77996249965, 2500.0, 1666.6666666666665, 1863.3899812498246, 2357.0226039551585], [3435.921354681384, 2635.231383473649, 1863.3899812498246, 1666.6666666666665, 1863.3899812498246], [3333.3333333333335, 3004.626062886658, 2357.0226039551585, 1863.3899812498246, 1666.6666666666665], [3435.921354681384, 3535.533905932738, 3004.626062886658, 2357.0226039551585, 1863.3899812498246], [3726.779962499649, 4166.666666666667, 3726.779962499649, 3004.6260628866576, 2357.022603955158], [4166.666666666667, 4859.12657903775, 4487.637339278753, 3726.7799624996487, 3004.6260628866576], [4487.637339278753, 3333.333333333333, 2499.9999999999995, 2635.231383473649, 3004.6260628866576], [4249.182927993987, 3435.9213546813835, 2635.231383473649, 2499.9999999999995, 2635.231383473649], [4166.666666666666, 3726.779962499649, 3004.6260628866576, 2635.231383473649, 2499.9999999999995], [4249.182927993987, 4166.666666666667, 3535.5339059327375, 3004.6260628866576, 2635.231383473649], [4487.637339278753, 4714.045207910317, 4166.666666666667, 3535.5339059327375, 3004.6260628866576], [4859.12657903775, 5335.9368645273735, 4859.12657903775, 4166.666666666666, 3535.533905932737]], "M": 27569007.133391432, "S": 10000}