{"J": 10, "K": [19500.0, 10500.0, 19500.0, 19500.0, 19500.0, 19500.0, 19500.0, 19500.0, 10500.0, 19500.0], "I": 100, "e": [868.0, 868.0, 868.0, 868.0, 868.0, 532.0, 532.0, 532.0, 532.0, 532.0, 868.0, 868.0, 868.0, 868.0, 868.0, 532.0, 532.0, 532.0, 532.0, 532.0, 868.0, 868.0, 868.0, 868.0, 868.0, 532.0, 532.0, 532.0, 532.0, 532.0, 868.0, 868.0, 868.0, 868.0, 868.0, 532.0, 532.0, 532.0, 532.0, 532.0, 868.0, 868.0, 868.0, 868.0, 868.0, 532.0, 532.0, 532.0, 532.0, 532.0, 532.0, 532.0, 532.0, 532.0, 532.0, 532.0, 532.0, 532.0, 532.0, 532.0, 532.0, 532.0, 532.0, 532.0, 532.0, 532.0, 532.0, 532.0, 532.0, 532.0, 532.0, 532.0, 532.0, 532.0, 532.0, 532.0, 532.0, 532.0, 532.0, 532.0, 532.0, 532.0, 532.0, 532.0, 532.0, 532.0, 532.0, 532.0, 532.0, 532.0, 532.0, 532.0, 532.0, 532.0, 532.0, 532.0, 532.0, 532.0, 532.0, 532.0], "d": [[4000.0, 2236.06797749979, 4123.105625617661, 2236.06797749979, 3000.0, 3162.2776601683795, 3605.5512754639894, 4242.640687119285, 5000.0, 4472.13595499958], [3000.0, 1414.213562373095, 3162.2776601683795, 2000.0, 3162.2776601683795, 3000.0, 3162.2776601683795, 3605.5512754639894, 4242.640687119285, 4123.105625617661], [2000.0, 1000.0, 2236.06797749979, 2236.06797749979, 3605.5512754639894, 3162.2776601683795, 3000.0, 3162.2776601683795, 3605.5512754639894, 4000.0], [1000.0, 1414.213562373095, 1414.213562373095, 2828.42712474619, 4242.640687119285, 3605.5512754639894, 3162.2776601683795, 3000.0, 3162.2776601683795, 4123.105625617661], [0, 2236.06797749979, 1000.0, 3605.5512754639894, 5000.0, 4242.640687119285, 3605.5512754639894, 3162.2776601683795, 3000.0, 4472.13595499958], [1000.0, 3162.2776601683795, 1414.213562373095, 4472.13595499958, 5830.951894845301, 5000.0, 4242.640687119285, 3605.5512754639894, 3162.2776601683795, 5000.0], [2000.0, 4123.105625617661, 2236.06797749979, 5385.164807134504, 6708.203932499369, 5830.951894845301, 5000.0, 4242.640687119285, 3605.5512754639894, 5656.85424949238], [3000.0, 5099.019513592785, 3162.2776601683795, 6324.555320336759, 7615.773105863908, 6708.203932499369, 5830.951894845301, 5000.0, 4242.640687119285, 6403.1242374328485], [4000.0, 6082.76253029822, 4123.105625617661, 7280.1098892805185, 8544.003745317532, 7615.773105863908, 6708.203932499369, 5830.951894845301, 5000.0, 7211.102550927979], [5000.0, 7071.067811865475, 5099.019513592785, 8246.211251235321, 9486.832980505138, 8544.003745317532, 7615.773105863908, 6708.203932499369, 5830.951894845301, 8062.25774829855], [4123.105625617661, 2000.0, 4000.0, 1414.213562373095, 2000.0, 2236.06797749979, 2828.42712474619, 3605.5512754639894, 4472.13595499958, 3605.5512754639894], [3162.2776601683795, 1000.0, 3000.0, 1000.0, 2236.06797749979, 2000.0, 2236.06797749979, 2828.42712474619, 3605.5512754639894, 3162.2776601683795], [2236.06797749979, 0, 2000.0, 1414.213562373095, 2828.42712474619, 2236.06797749979, 2000.0, 2236.06797749979, 2828.42712474619, 3000.0], [1414.213562373095, 1000.0, 1000.0, 2236.06797749979, 3605.5512754639894, 2828.42712474619, 2236.06797749979, 2000.0, 2236.06797749979, 3162.2776601683795], [1000.0, 2000.0, 0, 3162.2776601683795, 4472.13595499958, 3605.5512754639894, 2828.42712474619, 2236.06797749979, 2000.0, 3605.5512754639894], [1414.213562373095, 3000.0, 1000.0, 4123.105625617661, 5385.164807134504, 4472.13595499958, 3605.5512754639894, 2828.42712474619, 2236.06797749979, 4242.640687119285], [2236.06797749979, 4000.0, 2000.0, 5099.019513592785, 6324.555320336759, 5385.164807134504, 4472.13595499958, 3605.5512754639894, 2828.42712474619, 5000.0], [3162.2776601683795, 5000.0, 3000.0, 6082.76253029822, 7280.1098892805185, 6324.555320336759, 5385.164807134504, 4472.13595499958, 3605.5512754639894, 5830.951894845301], [4123.105625617661, 6000.0, 4000.0, 7071.067811865475, 8246.211251235321, 7280.1098892805185, 6324.555320336759, 5385.164807134504, 4472.13595499958, 6708.203932499369], [5099.019513592785, 7000.0, 5000.0, 8062.25774829855, 9219.544457292888, 8246.211251235321, 7280.1098892805185, 6324.555320336759, 5385.164807134504, 7615.773105863908], [4472.13595499958, 2236.06797749979, 4123.105625617661, 1000.0, 1000.0, 1414.213562373095, 2236.06797749979, 3162.2776601683795, 4123.105625617661, 2828.42712474619], [3605.5512754639894, 1414.213562373095, 3162.2776601683795, 0, 1414.213562373095, 1000.0, 1414.213562373095, 2236.06797749979, 3162.2776601683795, 2236.06797749979], [2828.42712474619, 1000.0, 2236.06797749979, 1000.0, 2236.06797749979, 1414.213562373095, 1000.0, 1414.213562373095, 2236.06797749979, 2000.0], [2236.06797749979, 1414.213562373095, 1414.213562373095, 2000.0, 3162.2776601683795, 2236.06797749979, 1414.213562373095, 1000.0, 1414.213562373095, 2236.06797749979], [2000.0, 2236.06797749979, 1000.0, 3000.0, 4123.105625617661, 3162.2776601683795, 2236.06797749979, 1414.213562373095, 1000.0, 2828.42712474619], [2236.06797749979, 3162.2776601683795, 1414.213562373095, 4000.0, 5099.019513592785, 4123.105625617661, 3162.2776601683795, 2236.06797749979, 1414.213562373095, 3605.5512754639894], [2828.42712474619, 4123.105625617661, 2236.06797749979, 5000.0, 6082.76253029822, 5099.019513592785, 4123.105625617661, 3162.2776601683795, 2236.06797749979, 4472.13595499958], [3605.5512754639894, 5099.019513592785, 3162.2776601683795, 6000.0, 7071.067811865475, 6082.76253029822, 5099.019513592785, 4123.105625617661, 3162.2776601683795, 5385.164807134504], [4472.13595499958, 6082.76253029822, 4123.105625617661, 7000.0, 8062.25774829855, 7071.067811865475, 6082.76253029822, 5099.019513592785, 4123.105625617661, 6324.555320336759], [5385.164807134504, 7071.067811865475, 5099.019513592785, 8000.0, 9055.385138137417, 8062.25774829855, 7071.067811865475, 6082.76253029822, 5099.019513592785, 7280.1098892805185], [5000.0, 2828.42712474619, 4472.13595499958, 1414.213562373095, 0, 1000.0, 2000.0, 3000.0, 4000.0, 2236.06797749979], [4242.640687119285, 2236.06797749979, 3605.5512754639894, 1000.0, 1000.0, 0, 1000.0, 2000.0, 3000.0, 1414.213562373095], [3605.5512754639894, 2000.0, 2828.42712474619, 1414.213562373095, 2000.0, 1000.0, 0, 1000.0, 2000.0, 1000.0], [3162.2776601683795, 2236.06797749979, 2236.06797749979, 2236.06797749979, 3000.0, 2000.0, 1000.0, 0, 1000.0, 1414.213562373095], [3000.0, 2828.42712474619, 2000.0, 3162.2776601683795, 4000.0, 3000.0, 2000.0, 1000.0, 0, 2236.06797749979], [3162.2776601683795, 3605.5512754639894, 2236.06797749979, 4123.105625617661, 5000.0, 4000.0, 3000.0, 2000.0, 1000.0, 3162.2776601683795], [3605.5512754639894, 4472.13595499958, 2828.42712474619, 5099.019513592785, 6000.0, 5000.0, 4000.0, 3000.0, 2000.0, 4123.105625617661], [4242.640687119285, 5385.164807134504, 3605.5512754639894, 6082.76253029822, 7000.0, 6000.0, 5000.0, 4000.0, 3000.0, 5099.019513592785], [5000.0, 6324.555320336759, 4472.13595499958, 7071.067811865475, 8000.0, 7000.0, 6000.0, 5000.0, 4000.0, 6082.76253029822], [5830.951894845301, 7280.1098892805185, 5385.164807134504, 8062.25774829855, 9000.0, 8000.0, 7000.0, 6000.0, 5000.0, 7071.067811865475], [5656.85424949238, 3605.5512754639894, 5000.0, 2236.06797749979, 1000.0, 1414.213562373095, 2236.06797749979, 3162.2776601683795, 4123.105625617661, 2000.0], [5000.0, 3162.2776601683795, 4242.640687119285, 2000.0, 1414.213562373095, 1000.0, 1414.213562373095, 2236.06797749979, 3162.2776601683795, 1000.0], [4472.13595499958, 3000.0, 3605.5512754639894, 2236.06797749979, 2236.06797749979, 1414.213562373095, 1000.0, 1414.213562373095, 2236.06797749979, 0], [4123.105625617661, 3162.2776601683795, 3162.2776601683795, 2828.42712474619, 3162.2776601683795, 2236.06797749979, 1414.213562373095, 1000.0, 1414.213562373095, 1000.0], [4000.0, 3605.5512754639894, 3000.0, 3605.5512754639894, 4123.105625617661, 3162.2776601683795, 2236.06797749979, 1414.213562373095, 1000.0, 2000.0], [4123.105625617661, 4242.640687119285, 3162.2776601683795, 4472.13595499958, 5099.019513592785, 4123.105625617661, 3162.2776601683795, 2236.06797749979, 1414.213562373095, 3000.0], [4472.13595499958, 5000.0, 