{"J": 3, "K": [13000.0, 13000.0, 13000.0], "I": 16, "e": [1162.5, 1162.5, 712.5, 712.5, 1162.5, 1162.5, 712.5, 712.5, 712.5, 712.5, 712.5, 712.5, 712.5, 712.5, 712.5, 712.5], "d": [[500.0, 500.0, 707.1067811865476], [0, 707.1067811865476, 500.0], [500.0, 1118.033988749895, 707.1067811865476], [1000.0, 1581.1388300841897, 1118.033988749895], [707.1067811865476, 0, 500.0], [500.0, 500.0, 0], [707.1067811865476, 1000.0, 500.0], [1118.033988749895, 1500.0, 1000.0], [1118.033988749895, 500.0, 707.1067811865476], [1000.0, 707.1067811865476, 500.0], [1118.033988749895, 1118.033988749895, 707.1067811865476], [1414.213562373095, 1581.1388300841897, 1118.033988749895], [1581.1388300841897, 1000.0, 1118.033988749895], [1500.0, 1118.033988749895, 1000.0], [1581.1388300841897, 1414.213562373095, 1118.033988749895], [1802.7756377319947, 1802.7756377319947, 1414.213562373095]], "M": 6287180.036590332, "S": 10000}