{"J": 10, "K": [13000.0, 7000.0, 7000.0, 13000.0, 13000.0, 13000.0, 13000.0, 13000.0, 13000.0, 13000.0], "I": 100, "e": [868.0, 868.0, 868.0, 868.0, 868.0, 532.0, 532.0, 532.0, 532.0, 532.0, 868.0, 868.0, 868.0, 868.0, 868.0, 532.0, 532.0, 532.0, 532.0, 532.0, 868.0, 868.0, 868.0, 868.0, 868.0, 532.0, 532.0, 532.0, 532.0, 532.0, 868.0, 868.0, 868.0, 868.0, 868.0, 532.0, 532.0, 532.0, 532.0, 532.0, 868.0, 868.0, 868.0, 868.0, 868.0, 532.0, 532.0, 532.0, 532.0, 532.0, 532.0, 532.0, 532.0, 532.0, 532.0, 532.0, 532.0, 532.0, 532.0, 532.0, 532.0, 532.0, 532.0, 532.0, 532.0, 532.0, 532.0, 532.0, 532.0, 532.0, 532.0, 532.0, 532.0, 532.0, 532.0, 532.0, 532.0, 532.0, 532.0, 532.0, 532.0, 532.0, 532.0, 532.0, 532.0, 532.0, 532.0, 532.0, 532.0, 532.0, 532.0, 532.0, 532.0, 532.0, 532.0, 532.0, 532.0, 532.0, 532.0, 532.0], "d": [[1000.0, 2000.0, 4000.0, 1414.213562373095, 2236.06797749979, 3162.2776601683795, 2000.0, 4472.13595499958, 3000.0, 3605.5512754639894], [0, 1000.0, 3000.0, 1000.0, 1414.213562373095, 2236.06797749979, 2236.06797749979, 3605.5512754639894, 3162.2776601683795, 3162.2776601683795], [1000.0, 0, 2000.0, 1414.213562373095, 1000.0, 1414.213562373095, 2828.42712474619, 2828.42712474619, 3605.5512754639894, 3000.0], [2000.0, 1000.0, 1000.0, 2236.06797749979, 1414.213562373095, 1000.0, 3605.5512754639894, 2236.06797749979, 4242.640687119285, 3162.2776601683795], [3000.0, 2000.0, 0, 3162.2776601683795, 2236.06797749979, 1414.213562373095, 4472.13595499958, 2000.0, 5000.0, 3605.5512754639894], [4000.0, 3000.0, 1000.0, 4123.105625617661, 3162.2776601683795, 2236.06797749979, 5385.164807134504, 2236.06797749979, 5830.951894845301, 4242.640687119285], [5000.0, 4000.0, 2000.0, 5099.019513592785, 4123.105625617661, 3162.2776601683795, 6324.555320336759, 2828.42712474619, 6708.203932499369, 5000.0], [6000.0, 5000.0, 3000.0, 6082.76253029822, 5099.019513592785, 4123.105625617661, 7280.1098892805185, 3605.5512754639894, 7615.773105863908, 5830.951894845301], [7000.0, 6000.0, 4000.0, 7071.067811865475, 6082.76253029822, 5099.019513592785, 8246.211251235321, 4472.13595499958, 8544.003745317532, 6708.203932499369], [8000.0, 7000.0, 5000.0, 8062.25774829855, 7071.067811865475, 6082.76253029822, 9219.544457292888, 5385.164807134504, 9486.832980505138, 7615.773105863908], [1414.213562373095, 2236.06797749979, 4123.105625617661, 1000.0, 2000.0, 3000.0, 1000.0, 4123.105625617661, 2000.0, 2828.42712474619], [1000.0, 1414.213562373095, 3162.2776601683795, 0, 1000.0, 2000.0, 1414.213562373095, 3162.2776601683795, 2236.06797749979, 2236.06797749979], [1414.213562373095, 1000.0, 2236.06797749979, 1000.0, 0, 1000.0, 2236.06797749979, 2236.06797749979, 2828.42712474619, 2000.0], [2236.06797749979, 1414.213562373095, 1414.213562373095, 2000.0, 1000.0, 0, 3162.2776601683795, 1414.213562373095, 3605.5512754639894, 2236.06797749979], [3162.2776601683795, 2236.06797749979, 1000.0, 3000.0, 2000.0, 1000.0, 4123.105625617661, 1000.0, 4472.13595499958, 2828.42712474619], [4123.105625617661, 3162.2776601683795, 1414.213562373095, 4000.0, 3000.0, 2000.0, 5099.019513592785, 1414.213562373095, 5385.164807134504, 3605.5512754639894], [5099.019513592785, 4123.105625617661, 2236.06797749979, 5000.0, 4000.0, 3000.0, 6082.76253029822, 2236.06797749979, 6324.555320336759, 4472.13595499958], [6082.76253029822, 5099.019513592785, 3162.2776601683795, 6000.0, 5000.0, 4000.0, 7071.067811865475, 3162.2776601683795, 7280.1098892805185, 5385.164807134504], [7071.067811865475, 6082.76253029822, 4123.105625617661, 7000.0, 6000.0, 5000.0, 8062.25774829855, 4123.105625617661, 8246.211251235321, 6324.555320336759], [8062.25774829855, 7071.067811865475, 5099.019513592785, 8000.0, 7000.0, 6000.0, 9055.385138137417, 5099.019513592785, 9219.544457292888, 7280.1098892805185], [2236.06797749979, 2828.42712474619, 4472.13595499958, 1414.213562373095, 2236.06797749979, 3162.2776601683795, 0, 4000.0, 1000.0, 2236.06797749979], [2000.0, 2236.06797749979, 3605.5512754639894, 1000.0, 1414.213562373095, 2236.06797749979, 1000.0, 3000.0, 1414.213562373095, 1414.213562373095], [2236.06797749979, 2000.0, 2828.42712474619, 1414.213562373095, 1000.0, 1414.213562373095, 2000.0, 2000.0, 2236.06797749979, 1000.0], [2828.42712474619, 2236.06797749979, 2236.06797749979, 2236.06797749979, 1414.213562373095, 1000.0, 3000.0, 1000.0, 3162.2776601683795, 1414.213562373095], [3605.5512754639894, 2828.42712474619, 2000.0, 3162.2776601683795, 2236.06797749979, 1414.213562373095, 4000.0, 0, 4123.105625617661, 2236.06797749979], [4472.13595499958, 3605.5512754639894, 2236.06797749979, 4123.105625617661, 3162.2776601683795, 2236.06797749979, 5000.0, 1000.0, 5099.019513592785, 3162.2776601683795], [5385.164807134504, 4472.13595499958, 2828.42712474619, 5099.019513592785, 4123.105625617661, 3162.2776601683795, 6000.0, 2000.0, 6082.76253029822, 4123.105625617661], [6324.555320336759, 5385.164807134504, 3605.5512754639894, 6082.76253029822, 5099.019513592785, 4123.105625617661, 7000.0, 3000.0, 7071.067811865475, 5099.019513592785], [7280.1098892805185, 6324.555320336759, 4472.13595499958, 7071.067811865475, 6082.76253029822, 5099.019513592785, 8000.0, 4000.0, 8062.25774829855, 6082.76253029822], [8246.211251235321, 7280.1098892805185, 5385.164807134504, 8062.25774829855, 7071.067811865475, 6082.76253029822, 9000.0, 5000.0, 9055.385138137417, 7071.067811865475], [3162.2776601683795, 3605.5512754639894, 5000.0, 2236.06797749979, 2828.42712474619, 3605.5512754639894, 1000.0, 4123.105625617661, 0, 2000.0], [3000.0, 3162.2776601683795, 4242.640687119285, 2000.0, 2236.06797749979, 2828.42712474619, 1414.213562373095, 3162.2776601683795, 1000.0, 1000.0], [3162.2776601683795, 3000.0, 3605.5512754639894, 2236.06797749979, 2000.0, 2236.06797749979, 2236.06797749979, 2236.06797749979, 2000.0, 0], [3605.5512754639894, 3162.2776601683795, 3162.2776601683795, 2828.42712474619, 2236.06797749979, 2000.0, 3162.2776601683795, 1414.213562373095, 3000.0, 1000.0], [4242.640687119285, 3605.5512754639894, 3000.0, 3605.5512754639894, 2828.42712474619, 2236.06797749979, 4123.105625617661, 1000.0, 4000.0, 2000.0], [5000.0, 4242.640687119285, 3162.2776601683795, 4472.13595499958, 3605.5512754639894, 2828.42712474619, 5099.019513592785, 1414.213562373095, 5000.0, 3000.0], [5830.951894845301, 5000.0, 3605.5512754639894, 5385.164807134504, 4472.13595499958, 3605.5512754639894, 6082.76253029822, 2236.06797749979, 6000.0, 4000.0], [6708.203932499369, 5830.951894845301, 4242.640687119285, 6324.555320336759, 5385.164807134504, 4472.13595499958, 7071.067811865475, 3162.2776601683795, 7000.0, 5000.0], [7615.773105863908, 6708.203932499369, 5000.0, 7280.1098892805185, 6324.555320336759, 5385.164807134504, 8062.25774829855, 4123.105625617661, 8000.0, 6000.0], [8544.003745317532, 7615.773105863908, 5830.951894845301, 8246.211251235321, 7280.1098892805185, 6324.555320336759, 9055.385138137417, 5099.019513592785, 9000.0, 7000.0], [4123.105625617661, 4472.13595499958, 5656.85424949238, 3162.2776601683795, 3605.5512754639894, 4242.640687119285, 2000.0, 4472.13595499958, 1000.0, 2236.06797749979], [4000.0, 4123.105625617661, 5000.0, 3000.0, 3162.2776601683795, 3605.5512754639894, 2236.06797749979, 3605.5512754639894, 1414.213562373095, 1414.213562373095], [4123.105625617661, 4000.0, 4472.13595499958, 3162.2776601683795, 3000.0, 3162.2776601683795, 2828.42712474619, 2828.42712474619, 2236.06797749979, 1000.0], [4472.13595499958, 4123.105625617661, 4123.105625617661, 3605.5512754639894, 3162.2776601683795, 3000.0, 3605.5512754639894, 2236.06797749979, 3162.2776601683795, 1414.213562373095], [5000.0, 4472.13595499958, 4000.0, 4242.640687119285, 3605.5512754639894, 3162.2776601683795, 4472.13595499958, 2000.0, 4123.105625617661, 2236.06797749979], [5656.85424949238, 5000.0, 4123.105625617661, 5000.0, 4242.640687119285, 3605.5512754639894, 5385.164807134504, 2236.06797749979, 5099.019513592785, 3162.2776601683795], [6403.1242374328485, 5656.85424949238, 4472.13595499958, 