{"J": 7, "K": [13000.0, 13000.0, 13000.0, 13000.0, 13000.0, 13000.0, 7000.0], "I": 81, "e": [765.4320987654321, 765.4320987654321, 765.4320987654321, 765.4320987654321, 765.4320987654321, 469.1358024691358, 469.1358024691358, 469.1358024691358, 469.1358024691358, 765.4320987654321, 765.4320987654321, 765.4320987654321, 765.4320987654321, 765.4320987654321, 469.1358024691358, 469.1358024691358, 469.1358024691358, 469.1358024691358, 765.4320987654321, 765.4320987654321, 765.4320987654321, 765.4320987654321, 765.4320987654321, 469.1358024691358, 469.1358024691358, 469.1358024691358, 469.1358024691358, 765.4320987654321, 765.4320987654321, 765.4320987654321, 765.4320987654321, 765.4320987654321, 469.1358024691358, 469.1358024691358, 469.1358024691358, 469.1358024691358, 765.4320987654321, 765.4320987654321, 765.4320987654321, 765.4320987654321, 765.4320987654321, 469.1358024691358, 469.1358024691358, 469.1358024691358, 469.1358024691358, 469.1358024691358, 469.1358024691358, 469.1358024691358, 469.1358024691358, 469.1358024691358, 469.1358024691358, 469.1358024691358, 469.1358024691358, 469.1358024691358, 469.1358024691358, 469.1358024691358, 469.1358024691358, 469.1358024691358, 469.1358024691358, 469.1358024691358, 469.1358024691358, 469.1358024691358, 469.1358024691358, 469.1358024691358, 469.1358024691358, 469.1358024691358, 469.1358024691358, 469.1358024691358, 469.1358024691358, 469.1358024691358, 469.1358024691358, 469.1358024691358, 469.1358024691358, 469.1358024691358, 469.1358024691358, 469.1358024691358, 469.1358024691358, 469.1358024691358, 469.1358024691358, 469.1358024691358, 469.1358024691358], "d": [[3111.1111111111113, 777.7777777777776, 1099.9438818457404, 1555.5555555555557, 2459.5492912420727, 3299.831645537222, 3206.859931035958], [2333.3333333333335, 1099.9438818457404, 777.7777777777776, 1739.1639824998365, 2333.3333333333335, 2804.317658694214, 3111.1111111111113], [1555.5555555555554, 1739.1639824998365, 1099.9438818457406, 2199.8877636914813, 2459.5492912420727, 2459.5492912420727, 3206.859931035958], [777.7777777777778, 2459.5492912420727, 1739.1639824998365, 2804.317658694214, 2804.317658694214, 2333.3333333333335, 3478.327964999673], [0, 3206.859931035958, 2459.5492912420727, 3478.327964999673, 3299.831645537222, 2459.5492912420727, 3888.888888888889], [777.7777777777783, 3965.904066127722, 3206.859931035959, 4188.461516660171, 3888.8888888888896, 2804.317658694214, 4399.7755273829625], [1555.5555555555557, 4731.037523565282, 3965.9040661277218, 4919.0985824841455, 4535.1848071019, 3299.831645537222, 4980.207740225549], [2333.333333333334, 5499.719409228704, 4731.037523565283, 5662.307691662626, 5217.49194749951, 3888.8888888888896, 5608.635317388428], [3111.1111111111113, 6270.644915343317, 5499.719409228704, 6413.719862071916, 5923.379082338596, 4535.1848071019, 6270.644915343318], [3206.859931035958, 0, 777.7777777777776, 777.777777777778, 1739.1639824998365, 2804.317658694214, 2459.5492912420727], [2459.5492912420727, 777.7777777777776, 0, 1099.9438818457406, 1555.5555555555557, 2199.8877636914813, 2333.3333333333335], [1739.1639824998363, 1555.5555555555557, 777.777777777778, 1739.1639824998367, 1739.1639824998367, 1739.1639824998365, 2459.5492912420727], [1099.9438818457406, 2333.3333333333335, 1555.5555555555557, 2459.5492912420727, 2199.8877636914813, 1555.5555555555557, 2804.317658694214], [777.7777777777776, 3111.1111111111113, 2333.3333333333335, 3206.859931035958, 2804.317658694214, 1739.1639824998365, 3299.831645537222], [1099.9438818457406, 3888.8888888888896, 3111.1111111111118, 3965.904066127722, 3478.3279649996734, 2199.8877636914813, 3888.8888888888896], [1739.1639824998365, 4666.666666666667, 3888.888888888889, 4731.037523565283, 4188.46151666017, 2804.317658694214, 4535.1848071019], [2459.549291242073, 5444.444444444445, 4666.666666666668, 5499.719409228704, 4919.098582484146, 3478.3279649996734, 5217.49194749951], [3206.859931035958, 6222.222222222223, 5444.444444444445, 6270.644915343317, 5662.307691662626, 4188.46151666017, 5923.379082338596], [3478.327964999673, 777.777777777778, 1099.9438818457406, 0, 1099.9438818457404, 2459.5492912420727, 1739.1639824998363], [2804.317658694214, 1099.9438818457406, 777.777777777778, 777.7777777777776, 777.7777777777776, 1739.1639824998365, 1555.5555555555554], [2199.8877636914813, 1739.1639824998367, 1099.9438818457409, 1555.5555555555557, 1099.9438818457406, 1099.9438818457404, 1739.1639824998365], [1739.1639824998365, 2459.5492912420727, 1739.1639824998367, 2333.3333333333335, 1739.1639824998365, 777.7777777777776, 2199.8877636914813], [1555.5555555555557, 3206.859931035958, 2459.5492912420727, 3111.1111111111113, 2459.5492912420727, 1099.9438818457406, 2804.317658694214], [1739.1639824998367, 3965.904066127722, 3206.859931035959, 3888.8888888888896, 3206.859931035959, 1739.1639824998367, 3478.3279649996734], [2199.8877636914813, 4731.037523565283, 3965.9040661277218, 4666.666666666667, 3965.9040661277218, 2459.5492912420727, 4188.46151666017], [2804.317658694214, 5499.719409228704, 4731.037523565283, 5444.444444444445, 4731.037523565283, 3206.859931035959, 4919.098582484146], [3478.327964999673, 6270.644915343317, 5499.719409228704, 6222.222222222223, 5499.719409228704, 3965.9040661277218, 5662.307691662626], [3888.888888888889, 1555.5555555555557, 1739.1639824998365, 777.7777777777776, 777.7777777777776, 2333.3333333333335, 1099.9438818457406], [3299.831645537222, 1739.1639824998365, 1555.5555555555557, 1099.9438818457404, 0, 1555.5555555555557, 777.7777777777778], [2804.317658694214, 2199.8877636914813, 1739.1639824998367, 1739.1639824998365, 777.777777777778, 777.7777777777776, 1099.9438818457406], [2459.5492912420727, 2804.317658694214, 2199.8877636914813, 2459.5492912420727, 1555.5555555555557, 0, 1739.1639824998365], [2333.3333333333335, 3478.327964999673, 2804.317658694214, 3206.859931035958, 2333.3333333333335, 777.7777777777778, 2459.5492912420727], [2459.549291242073, 4188.461516660171, 3478.3279649996734, 3965.904066127722, 3111.1111111111118, 1555.555555555556, 3206.859931035959], [2804.317658694214, 4919.0985824841455, 4188.46151666017, 4731.037523565282, 3888.888888888889, 2333.3333333333335, 3965.9040661277218], [3299.8316455372224, 5662.307691662626, 4919.098582484146, 5499.719409228704, 4666.666666666668, 3111.1111111111118, 4731.037523565283], [3888.888888888889, 6413.719862071916, 5662.307691662626, 6270.644915343317, 5444.444444444445, 3888.888888888889, 5499.719409228704], [4399.7755273829625, 2333.3333333333335, 2459.5492912420727, 1555.5555555555554, 1099.9438818457406, 2459.5492912420727, 777.7777777777776], [3888.888888888889, 2459.5492912420727, 2333.3333333333335, 1739.1639824998363, 777.7777777777778, 1739.1639824998365, 0], [3478.327964999673, 2804.317658694214, 2459.5492912420727, 2199.8877636914813, 1099.9438818457406, 1099.9438818457406, 777.777777777778], [3206.859931035958, 3299.831645537222, 2804.317658694214, 2804.317658694214, 1739.1639824998365, 777.7777777777778, 1555.5555555555557], [3111.1111111111113, 3888.888888888889, 3299.831645537222, 3478.327964999673, 2459.5492912420727, 1099.9438818457406, 2333.3333333333335], [3206.859931035958, 4535.184807101901, 3888.8888888888896, 4188.461516660171, 3206.859931035959, 1739.163982499837, 3111.1111111111118], [3478.327964999673, 5217.4919474995095, 4535.1848071019, 4919.0985824841455, 3965.9040661277218, 2459.5492912420727, 3888.888888888889], [3888.888888888889, 5923.379082338596, 5217.49194749951, 5662.307691662626, 4731.037523565283, 3206.859931035959, 4666.666666666668], [4399.7755273829625, 6645.336246358081, 5923.379082338596, 6413.719862071916, 5499.719409228704, 3965.9040661277218, 5444.444444444445], [4980.20774022555, 3111.1111111111118, 3206.859931035959, 2333.333333333334, 1739.1639824998367, 2804.317658694214, 1099.9438818457406], [4535.184807101901, 3206.859931035959, 3111.1111111111118, 2459.549291242073, 1555.555555555556, 2199.8877636914813, 777.7777777777783],